,close,ema_fast,ema_slow,rsi,signal
2026-07-21 16:19:41.420574,100.24835707650561,100.24835707650561,100.24835707650561,50.0,0
2026-07-21 16:20:41.420574,100.17922492592002,100.22531302631043,100.24177306216413,0.0,0
2026-07-21 16:21:41.420574,100.50306919497037,100.31789841586375,100.26665840814567,82.40806645609032,0
2026-07-21 16:22:41.420574,101.26458412317439,100.63346031830065,100.36169895243412,94.01189530654048,0
2026-07-21 16:23:41.420574,101.14750743581271,100.80480935747134,100.43653785561304,85.35596737317037,0
2026-07-21 16:24:41.420574,101.03043895733812,100.88001922409362,100.49309986530115,78.16006467963516,0
2026-07-21 16:25:41.420574,101.82004536509181,101.19336127109302,100.61947562718598,86.07697454502603,0
2026-07-21 16:26:41.420574,102.20376272966827,101.53016175728479,100.77036011313668,88.16229439314964,0
2026-07-21 16:27:41.420574,101.9690255367008,101.6764496837568,100.8845187249047,80.76250601167149,0
2026-07-21 16:28:41.420574,102.24030555849379,101.86440164200248,101.0136412804846,82.46354449291584,0
2026-07-21 16:29:41.420574,102.00859671208755,101.91246666536418,101.10839894063727,76.67283266317096,0
2026-07-21 16:30:41.420574,101.77573183530242,101.86688838867693,101.17195445441492,71.61857906600147,0
2026-07-21 16:31:41.420574,101.89671297108544,101.87682991614643,101.2409790750502,72.55838640904472,0
2026-07-21 16:32:41.420574,100.94007284875654,101.56457756034982,101.21232133921272,57.50205957522364,1
2026-07-21 16:33:41.420574,100.07761393250003,101.06892301773323,101.10425396714484,48.44002700366598,0
2026-07-21 16:34:41.420574,99.79647016787953,100.644772067782,100.97970312911957,46.63343188650393,-1
2026-07-21 16:35:41.420574,99.29005460771232,100.19319958109212,100.81878422231888,39.662772446040485,0
2026-07-21 16:36:41.420574,99.44717827400996,99.94452581206474,100.6881550843847,32.73354590484605,0
2026-07-21 16:37:41.420574,98.99316623624935,99.62740595345963,100.52672757503848,30.7639807937758,0
2026-07-21 16:38:41.420574,98.28701438558171,99.18060876416699,100.31342155699497,27.83571889297609,0
2026-07-21 16:39:41.420574,99.01983877004248,99.12701876612549,100.19022319633282,27.167487651942196,0
2026-07-21 16:40:41.420574,98.90695061979922,99.05366271735008,100.06800676047249,21.87610950514494,0
2026-07-21 16:41:41.420574,98.94071472214318,99.01601338561446,99.96064561396494,23.24935439028826,0
2026-07-21 16:42:41.420574,98.22834062903645,98.75345580008846,99.7956641868289,17.122325892021877,0
2026-07-21 16:43:41.420574,97.95614926677386,98.48768695565028,99.6204722896808,17.00946793675702,0
2026-07-21 16:44:41.420574,98.0116105616288,98.3289948243098,99.46724736319966,18.445258010711456,0
2026-07-21 16:45:41.420574,97.43611377291765,98.0313678071791,99.2738060688871,15.254427029072644,0
2026-07-21 16:46:41.420574,97.62396278209047,97.89556613214955,99.11667813681123,20.654698164382026,0
2026-07-21 16:47:41.420574,97.32364343713108,97.70492523381007,98.94591292731788,22.9366926625558,0
2026-07-21 16:48:41.420574,97.17779656223443,97.52921567661821,98.77752089254803,23.563270402704617,0
2026-07-21 16:49:41.420574,96.87694325611974,97.31179153645206,98.59651349860246,24.583611572358308,0
2026-07-21 16:50:41.420574,97.8030823483742,97.47555514042611,98.52094862715215,35.0974913627427,0
2026-07-21 16:51:41.420574,97.79633373600524,97.5824813389525,98.45193768513816,38.19437601412874,0
2026-07-21 16:52:41.420574,97.2674782715273,97.47748031647744,98.33913202669903,39.57873049806612,0
2026-07-21 16:53:41.420574,97.67875072757889,97.54457045351126,98.27623856963997,35.32745678828823,0
2026-07-21 16:54:41.420574,97.06832890259338,97.38582326987198,98.16119955373077,31.859025676715177,0
2026-07-21 16:55:41.420574,97.17276070009575,97.3148024132799,98.06706252005124,32.79618424062858,0
2026-07-21 16:56:41.420574,96.19292563815587,96.94084348823856,97.88857329320406,31.173515013547032,0
2026-07-21 16:57:41.420574,95.52883261370665,96.47017319672793,97.66383608563288,29.066280662095892,0
2026-07-21 16:58:41.420574,95.62726323164121,96.18920320836568,97.4698767662051,29.588140986814665,0
2026-07-21 16:59:41.420574,95.99649652163892,96.12496764612344,97.32955483815118,37.22459184827625,0
2026-07-21 17:00:41.420574,96.08218066223391,96.11070531816026,97.21075729758763,36.065291388187994,0
2026-07-21 17:01:41.420574,96.02435652103978,96.08192238578678,97.09776674744023,37.71863851043984,0
2026-07-21 17:02:41.420574,95.87380467324513,96.01254981493958,96.98119893085023,37.685118938678166,0
2026-07-21 17:03:41.420574,95.13454367806142,95.71988110264687,96.8053270020132,34.80319444733871,0
2026-07-21 17:04:41.420574,94.77462157386407,95.4047945930526,96.61192648504662,20.69174052251877,0
2026-07-21 17:05:41.420574,94.54430218838418,95.11796379149646,96.41500988536448,19.833493477293487,0
2026-07-21 17:06:41.420574,95.07286330149364,95.10293029482887,96.2871864011863,29.641193087850255,0
2026-07-21 17:07:41.420574,95.24467244627786,95.1501776786452,96.18789935786168,26.36990867341234,0
2026-07-21 17:08:41.420574,94.3631523685965,94.88783590862897,96.01411393031262,25.05129448293988,0
2026-07-21 17:09:41.420574,94.5251943532939,94.76695539018395,95.87231206583465,25.8393471294454,0
2026-07-21 17:10:41.420574,94.33265321308573,94.62218799781789,95.72567788938238,30.1752504621045,0
2026-07-21 17:11:41.420574,93.99419221293276,94.41285606952286,95.56077449162528,32.42574647676264,0
2026-07-21 17:12:41.420574,94.3000303573532,94.37524749879964,95.44070362169461,35.49018264914821,0
2026-07-21 17:13:41.420574,94.81553011860117,94.52200837206682,95.38116328806666,37.48932528515111,0
2026-07-21 17:14:41.420574,95.28117017815927,94.77506230743097,95.37164013474214,42.14663405003315,-1
2026-07-21 17:15:41.420574,94.86156141654794,94.8038953438033,95.32306120919984,39.354764937272236,0
2026-07-21 17:16:41.420574,94.70695522862233,94.77158197207632,95.26438444914484,39.32557203418342,0
2026-07-21 17:17:41.420574,94.87258694432413,94.80525029615893,95.22707040106667,47.322601158647686,0
2026-07-21 17:18:41.420574,95.3603595078853,94.99028670006773,95.23976460171606,55.83421628786934,0
2026-07-21 17:19:41.420574,95.12077238896265,95.03378192969937,95.22843201002527,55.73132417956201,0
2026-07-21 17:20:41.420574,95.02794290063075,95.0318355866765,95.20933780913056,49.51103184417432,0
2026-07-21 17:21:41.420574,94.47477541362774,94.84614886232691,95.13937948574934,42.26194552023541,0
2026-07-21 17:22:41.420574,93.8766721015874,94.52298994208041,95.01912163963868,44.81511214107685,0
2026-07-21 17:23:41.420574,94.28293501278449,94.4429716323151,94.94900862755733,47.545771417606936,0
2026-07-21 17:24:41.420574,94.9610550270699,94.61566609723337,94.95015590370139,55.79585791938876,0
2026-07-21 17:25:41.420574,94.92504996627974,94.71879405358217,94.94776486204219,59.092765141732194,0
2026-07-21 17:26:41.420574,95.42681641522576,94.95480150746337,94.99338881948825,60.60085301753074,0
2026-07-21 17:27:41.420574,95.60763442774957,95.17241248089212,95.05188840122743,57.952983637871995,0
2026-07-21 17:28:41.420574,95.285074550447,95.20996650407709,95.07409660591502,50.040360784387374,1
2026-07-21 17:29:41.420574,95.46577235320122,95.29523512045179,95.1113990580375,56.570469747289586,0
2026-07-21 17:30:41.420574,96.2347906364342,95.60842029244594,95.21838873217052,64.65594511772633,0
2026-07-21 17:31:41.420574,96.21687761687923,95.81123940059038,95.31348291166658,63.27138364613634,0
2026-07-21 17:32:41.420574,96.99919944478623,96.207226081989,95.47402734339227,65.29005175807825,0
2026-07-21 17:33:41.420574,95.68932689274135,96.03459301890646,95.49453206237789,54.42148212166138,0
2026-07-21 17:34:41.420574,96.10027814492896,96.05648806091396,95.55222216547799,57.94607536412271,0
2026-07-21 17:35:41.420574,96.14380167904805,96.08559260029199,95.60856307153229,63.37803742231649,0
2026-07-21 17:36:41.420574,95.99429800381512,96.05516106813303,95.6452997317497,68.28902774228094,0
2026-07-21 17:37:41.420574,96.04017839208286,96.05016684278299,95.68290722321001,66.1840025523684,0
2026-07-21 17:38:41.420574,95.04639393478243,95.71557587344947,95.62228691002643,50.7427729273622,0
2026-07-21 17:39:41.420574,94.93655799086366,95.45590324592087,95.55697939391568,50.09889257765001,0
2026-07-21 17:40:41.420574,95.11511427661954,95.34230692282043,95.51489700179224,47.16388807623817,-1
2026-07-21 17:41:41.420574,95.8540612989903,95.51289171487706,95.54719836343014,52.03545328680009,0
2026-07-21 17:42:41.420574,95.59492618985348,95.5402365398692,95.55174387070856,52.58643308382695,0
2026-07-21 17:43:41.420574,95.19067938840688,95.42371748938177,95.51735677715601,47.78632493136972,0
2026-07-21 17:44:41.420574,94.93980086661462,95.2624119484594,95.46235145234255,38.631166821115706,0
2026-07-21 17:45:41.420574,95.39750192546565,95.30744194079483,95.45617530692569,43.32227218083108,0
2026-07-21 17:46:41.420574,95.5618774802955,95.39225378729506,95.46624218057995,36.97415348674442,0
2026-07-21 17:47:41.420574,95.29699737841197,95.3605016510007,95.45012362799253,45.61368521057875,0
2026-07-21 17:48:41.420574,95.55363109496865,95.42487813232336,95.45998148199025,43.669963326313095,0
2026-07-21 17:49:41.420574,95.60216986964267,95.48397537809646,95.47352323319525,43.73531502390392,0
2026-07-21 17:50:41.420574,96.08649236490912,95.68481437370069,95.53190124573942,50.989694911634935,1
2026-07-21 17:51:41.420574,95.73546581797044,95.70169818845727,95.55128834785667,46.93007230381705,0
2026-07-21 17:52:41.420574,95.57163474467156,95.65834370719537,95.55322609993428,56.354371812143384,0
2026-07-21 17:53:41.420574,95.37558066810547,95.56408936083207,95.53630748737915,55.20276662375742,0
2026-07-21 17:54:41.420574,94.64382319403941,95.25733397190119,95.45130898325155,45.06225211028741,0
2026-07-21 17:55:41.420574,94.7918833325717,95.10218375879137,95.38850654032966,37.298901817893736,0
2026-07-21 17:56:41.420574,94.92241096866165,95.04225949541481,95.34411648588508,41.70314863576375,-1
2026-07-21 17:57:41.420574,94.92496769698288,95.00316222927084,95.30419755360869,46.361254186752426,0
2026-07-21 17:58:41.420574,94.80767413029531,94.93799952961234,95.25690960853123,48.12189733737535,0
2026-07-21 17:59:41.420574,94.0999887592701,94.65866260616494,95.14672667050635,32.78038129271184,0
2026-07-21 18:00:41.420574,93.88966609788741,94.4023304367391,95.02700661597122,28.075054294319443,0
2026-07-21 18:01:41.420574,93.71830883962403,94.17432323770075,94.90236873250959,28.780882745756998,0
2026-07-21 18:02:41.420574,93.31717020501323,93.88860556013825,94.7513974441766,21.06382660047565,0
2026-07-21 18:03:41.420574,93.23652734918022,93.67124615648558,94.60712410179599,19.644603279146708,0
2026-07-21 18:04:41.420574,93.43855277758749,93.59368169685288,94.49583159472851,13.368361191541055,0
2026-07-21 18:05:41.420574,94.38164572819275,93.85633637396617,94.48495675029653,33.90740874778332,0
2026-07-21 18:06:41.420574,94.46893463460867,94.06053579418034,94.48343083451674,36.649485136719356,0
2026-07-21 18:07:41.420574,94.59770982997006,94.23959380611025,94.49431454836945,40.42626352628333,-1
2026-07-21 18:08:41.420574,94.56048687208697,94.34655816143582,94.50061667443778,48.76281825671743,0
2026-07-21 18:09:41.420574,93.60110126443745,94.09807252910304,94.41494854015204,35.75386334829959,0
2026-07-21 18:10:41.420574,93.58784432671284,93.92799646163964,94.33617671030069,33.57272479527033,0
2026-07-21 18:11:41.420574,93.61795943168336,93.82465078498755,94.2677750647181,34.020354473345364,0
2026-07-21 18:12:41.420574,94.849580487926,94.16629401930038,94.32318510502361,50.402641370759724,0
2026-07-21 18:13:41.420574,94.75340000553544,94.36199601471208,94.3641579526914,57.11400946793248,0
2026-07-21 18:14:41.420574,94.90417367670224,94.54272190204213,94.41558802164482,61.19054816817512,0
2026-07-21 18:15:41.420574,94.88681779184962,94.65742053197798,94.46046704737861,63.342568266248165,0
2026-07-21 18:16:41.420574,94.30247877303985,94.53910661233195,94.44542054506063,60.79890553590402,0
2026-07-21 18:17:41.420574,94.87389018029737,94.65070113498709,94.48622717698792,66.2023865523366,0
2026-07-21 18:18:41.420574,95.24985669664075,94.8504196555383,94.55895379790725,67.32713013142526,0
2026-07-21 18:19:41.420574,95.64537267016227,95.1154039937463,94.66242226193154,63.503639369716076,0
2026-07-21 18:20:41.420574,95.1906789427649,95.14049564341917,94.71273242201092,57.150778459762044,1
2026-07-21 18:21:41.420574,95.89207609823296,95.39102246169044,94.8250508673654,61.517280846090074,0
2026-07-21 18:22:41.420574,95.19115056683681,95.32439849673924,94.85991750541031,55.01885970546244,0
2026-07-21 18:23:41.420574,95.48457911373696,95.37779203573848,94.9194090871557,66.76592678929256,0
2026-07-21 18:24:41.420574,96.57980692664194,95.77846366603964,95.07754221472581,72.33157252975808,0
2026-07-21 18:25:41.420574,96.0845387640766,95.88048869871864,95.17344664799732,67.21484645022866,0
2026-07-21 18:26:41.420574,95.80138989927521,95.8541224322375,95.23325076716665,57.65657696285848,0
2026-07-21 18:27:41.420574,95.85121558181903,95.85315348209802,95.29210455903831,58.89743973383917,0
2026-07-21 18:28:41.420574,95.59947775476093,95.768594906319,95.32137819672617,55.54447552151096,0
2026-07-21 18:29:41.420574,94.82414603922787,95.45377861728863,95.27402275315491,49.554141938009856,0
2026-07-21 18:30:41.420574,94.85842752663088,95.25532825373605,95.23444225539072,54.29094618156539,0
2026-07-21 18:31:41.420574,94.32727566976783,94.94597739241331,95.14804543771234,45.754714755966624,0
2026-07-21 18:32:41.420574,94.56407188508541,94.81867555663734,95.09242890889072,44.55616647625839,-1
2026-07-21 18:33:41.420574,94.10435976796852,94.58057029374774,94.99832708594576,37.89069107615163,0
2026-07-21 18:34:41.420574,94.87932697047728,94.68015585265759,94.98699374161544,47.670637090186034,0
2026-07-21 18:35:41.420574,94.48770032430917,94.61600400987479,94.93944198758626,38.982574164606554,0
2026-07-21 18:36:41.420574,94.32666956620633,94.51955919531864,94.8810827093596,42.59041887917054,0
2026-07-21 18:37:41.420574,94.73342817489116,94.59084885517615,94.86702037274355,43.684479602236436,0
2026-07-21 18:38:41.420574,94.11799601667418,94.43323124234217,94.79568471978456,27.485095088613548,0
2026-07-21 18:39:41.420574,94.23172598397625,94.36606282288687,94.7419743639933,31.783487890537344,0
2026-07-21 18:40:41.420574,94.88529736111747,94.53914100229707,94.7556241732432,41.604652440535176,0
2026-07-21 18:41:41.420574,94.08155574383684,94.38661258281033,94.69142717996641,35.75123179001699,0
2026-07-21 18:42:41.420574,94.173872673103,94.31569927957456,94.64213627455085,38.21901347736479,0
2026-07-21 18:43:41.420574,94.30381407022722,94.31173754312545,94.60991511223432,45.1866202322489,0
2026-07-21 18:44:41.420574,94.69472550611587,94.4394001974556,94.61799229260399,48.57939190423687,0
2026-07-21 18:45:41.420574,94.07625015067683,94.31835018186268,94.56639780289665,47.8541202489041,0
2026-07-21 18:46:41.420574,93.41602184413469,94.0175740692867,94.45683818777646,40.848463027303964,0
2026-07-21 18:47:41.420574,93.67699262694313,93.90404692183884,94.38256718198281,46.4818235825943,0
2026-07-21 18:48:41.420574,93.82548496355973,93.87785960241247,94.32951173260919,40.32680411498031,0
2026-07-21 18:49:41.420574,93.95073138873268,93.90215019785254,94.29343741414476,44.817749989941724,0
2026-07-21 18:50:41.420574,94.12395549348116,93.97608529639541,94.27729627884347,48.048214134596925,0
2026-07-21 18:51:41.420574,93.78394313269192,93.91203790849426,94.23031026492427,40.73907056905279,0
2026-07-21 18:52:41.420574,93.90006998127241,93.90804859942031,94.19885880933838,47.645055738443915,0
2026-07-21 18:53:41.420574,94.04660621792175,93.95423447225413,94.1843585625368,48.013649252457235,0
2026-07-21 18:54:41.420574,93.68943050890857,93.86596648447228,94.13722255742935,36.29661623461793,0
2026-07-21 18:55:41.420574,94.62231776448095,94.1180835778085,94.18342210095808,56.018436792065586,0
2026-07-21 18:56:41.420574,94.85923422493684,94.36513379351796,94.24778516038464,57.3899085488764,0
2026-07-21 18:57:41.420574,94.26358247633551,94.33128335445716,94.24928966666567,49.60579331571064,1
2026-07-21 18:58:41.420574,94.59185928065243,94.41814199652225,94.28191534418822,48.97954642400012,0
2026-07-21 18:59:41.420574,94.10451844553877,94.3136008128611,94.26502040145971,50.2879180933478,0
2026-07-21 19:00:41.420574,94.49806074741,94.37508745771073,94.28721472012164,61.65387358108688,0
2026-07-21 19:01:41.420574,95.0773585369137,94.60917781744507,94.36246651219707,64.11452241488018,0
2026-07-21 19:02:41.420574,94.66701737773785,94.628457670876,94.39147135653428,58.05667938391826,0
2026-07-21 19:03:41.420574,95.14870544236001,94.801873594704,94.46358888851768,60.73642460512051,0
2026-07-21 19:04:41.420574,95.35509590582825,94.98628103174542,94.54849431873772,60.96846079948105,0
2026-07-21 19:05:41.420574,95.7661259858255,95.24622934977212,94.66445923941275,67.438962559375,0
2026-07-21 19:06:41.420574,96.71452247715247,95.73566039223223,94.85970335729272,71.5982261545557,0
2026-07-21 19:07:41.420574,96.59182841915104,96.02104973453851,95.02466764889827,69.6038784299318,0
2026-07-21 19:08:41.420574,96.2149603369723,96.08568660201645,95.13802885728627,69.39337346131947,0
2026-07-21 19:09:41.420574,95.77020312215953,95.98052544206415,95.19823593013135,59.52887972674402,0
2026-07-21 19:10:41.420574,95.36229797967681,95.77444962126837,95.21386088723091,54.06077750094365,0
2026-07-21 19:11:41.420574,95.32374712496976,95.62421545583551,95.22432624320604,59.40349234411641,0
2026-07-21 19:12:41.420574,95.49432311237808,95.58091800801637,95.25004023074622,58.235092973249074,0
2026-07-21 19:13:41.420574,95.6326685120431,95.59816817602528,95.28648101944117,64.89313799699332,0
2026-07-21 19:14:41.420574,96.0462601365611,95.74753216287056,95.35884093535736,65.02980007643202,0
2026-07-21 19:15:41.420574,96.05276108250006,95.8492751360804,95.42492856841858,60.653999548809,0
2026-07-21 19:16:41.420574,96.77952812107871,96.15935946441317,95.5539380496243,71.58238883914031,0
2026-07-21 19:17:41.420574,96.64719970445974,96.32197287776204,95.65805820722768,66.48616705938352,0
2026-07-21 19:18:41.420574,98.00728428775454,96.88374334775955,95.88179402442071,73.27135933848201,0
2026-07-21 19:19:41.420574,98.32011796163705,97.36253488571873,96.11401535177465,72.80268738366931,0
2026-07-21 19:20:41.420574,97.8915391834289,97.53886965162212,96.28330333574173,61.58393948076728,0
2026-07-21 19:21:41.420574,97.35609293439835,97.47794407921421,96.38547377370902,56.95654353647874,0
2026-07-21 19:22:41.420574,97.59732914201994,97.51773910014947,96.50088857069102,62.90124366653131,0
2026-07-21 19:23:41.420574,97.48559774935703,97.50702531655199,96.59467039723064,67.07038233054132,0
2026-07-21 19:24:41.420574,97.84259799640307,97.61888287650237,96.71352064477087,74.9347985346547,0
2026-07-21 19:25:41.420574,98.07921680868984,97.77232752056486,96.84358694609648,76.64019562885457,0
2026-07-21 19:26:41.420574,98.0428023523614,97.86248579783039,96.95779793716932,75.29519065067657,0
2026-07-21 19:27:41.420574,97.6194054933272,97.78145902966267,97.02080818061293,68.66346688654468,0
2026-07-21 19:28:41.420574,96.86198188098427,97.47496664676987,97.0056818663626,57.19793272208021,0
2026-07-21 19:29:41.420574,96.63872440495075,97.19621923283017,96.97073353670433,54.98004070354391,0
2026-07-21 19:30:41.420574,97.0669238021125,97.15312075592429,96.97989451436224,52.57313187920096,0
2026-07-21 19:31:41.420574,97.1739706741776,97.16007072867541,96.99837795815418,54.737772232367796,0
2026-07-21 19:32:41.420574,96.5511012848216,96.95708091405749,96.95578017974155,34.90079977163822,0
2026-07-21 19:33:41.420574,96.6376917477472,96.85061785862072,96.92548604336113,31.69608691130233,0
2026-07-21 19:34:41.420574,96.83035043761161,96.84386205161769,96.91642550948023,37.83009759771015,0
2026-07-21 19:35:41.420574,96.38842171951104,96.69204860758215,96.86613943424508,38.659321310642284,0
2026-07-21 19:36:41.420574,96.46528427248381,96.6164604958827,96.82796275217258,36.20130226023262,0
2026-07-21 19:37:41.420574,96.49438863170681,96.57576987449075,96.7961937883187,37.66960185394858,0
2026-07-21 19:38:41.420574,95.9229034827915,96.35814774392433,96.7130232830304,27.329246107067945,0
2026-07-21 19:39:41.420574,96.10179716296564,96.27269755027145,96.65481127159566,26.32474500505279,0
2026-07-21 19:40:41.420574,96.38218942614975,96.3091948422309,96.62884728631511,31.215251192113215,0
2026-07-21 19:41:41.420574,96.92371504773739,96.51403491073307,96.65692993026009,42.33523662487456,-1
2026-07-21 19:42:41.420574,97.45061607375484,96.82622863174034,96.7325190867834,56.83232413140595,0
2026-07-21 19:43:41.420574,96.7617813897763,96.80474621775232,96.73530597278273,51.28901565745413,1
2026-07-21 19:44:41.420574,96.29286886981873,96.6341204351078,96.69316910583377,41.960386690715985,0
2026-07-21 19:45:41.420574,96.55038650342307,96.60620912454624,96.67957076274705,43.71953780655808,-1
2026-07-21 19:46:41.420574,96.80727947887917,96.67323257599057,96.69173349761678,52.785453684260744,0
2026-07-21 19:47:41.420574,97.06480332203219,96.80375615800445,96.72726395708492,54.477592096890234,0
2026-07-21 19:48:41.420574,98.99116906735955,97.53289379445616,96.94287396758726,66.61365412207618,0
2026-07-21 19:49:41.420574,99.27661432270614,98.11413397053948,97.16513495378906,72.75365174629705,0
2026-07-21 19:50:41.420574,99.84439714279644,98.69088836129181,97.42030278131358,74.70986861023496,0
2026-07-21 19:51:41.420574,100.32139802454304,99.23439158237557,97.69659756638306,76.26465581425676,0
2026-07-21 19:52:41.420574,100.64709365019594,99.70529227164903,97.97759719341286,83.55399035914034,0
2026-07-21 19:53:41.420574,100.48945902787577,99.96668119039128,98.21682213002838,81.25816362956405,0
2026-07-21 19:54:41.420574,100.8689436381224,100.267435339635,98.46940513079923,81.51909343537109,0
2026-07-21 19:55:41.420574,100.48253103085362,100.33913390337455,98.66113140699488,75.55737607696855,0
2026-07-21 19:56:41.420574,100.3641217274836,100.34746317807758,98.82332096132714,72.22722209648597,0
2026-07-21 19:57:41.420574,100.12143995356905,100.2721221032414,98.94695134154065,77.50319629601222,0
2026-07-21 19:58:41.420574,100.16237702326222,100.23554040991502,99.06270616837128,84.06386255862924,0
2026-07-21 19:59:41.420574,101.31970630659897,100.59692904214302,99.2776585624882,86.24325491233053,0
2026-07-21 20:00:41.420574,100.3860737103031,100.52664393152972,99.38322190989915,74.65978844419212,0
2026-07-21 20:01:41.420574,100.72920380549036,100.59416388951661,99.51141066186021,74.95525256682109,0
2026-07-21 20:02:41.420574,99.92284586989553,100.37039121630959,99.55059496738738,57.48703482430697,1
2026-07-21 20:03:41.420574,99.68687993700081,100.14255412320666,99.56357448830295,53.32335840292567,0
2026-07-21 20:04:41.420574,100.2313552354845,100.17215449396595,99.62717265470118,53.14643683640194,0
2026-07-21 20:05:41.420574,100.26349524503223,100.20260141098805,99.68777480616129,49.49246258201642,0
2026-07-21 20:06:41.420574,99.72462285606757,100.04327522601456,99.6912841442476,42.20552192758919,0
2026-07-21 20:07:41.420574,99.36697100143759,99.81784048448891,99.6603971782657,40.82556962105582,0
2026-07-21 20:08:41.420574,99.70676987590493,99.78081694829426,99.6648136256599,40.439182650160674,0
2026-07-21 20:09:41.420574,99.34158656004637,99.63440681887829,99.63403009560147,40.58092885268296,0
2026-07-21 20:10:41.420574,99.44981585483735,99.57287649753133,99.61648588219538,42.43923631047485,0
2026-07-21 20:11:41.420574,99.47260177478925,99.53945158995064,99.60278263387099,44.43199770968203,-1
2026-07-21 20:12:41.420574,99.14680160098635,99.40856826029588,99.55935586883436,41.691075391745855,0
2026-07-21 20:13:41.420574,100.21877364564901,99.67863672208026,99.62215756186433,40.86513906298301,0
2026-07-21 20:14:41.420574,100.53573315680802,99.96433553365618,99.70916476138277,51.38334738181157,1
2026-07-21 20:15:41.420574,99.52316186347922,99.81727764359721,99.69145019967766,40.07987501948598,0
2026-07-21 20:16:41.420574,99.61638902086392,99.7503147693528,99.6843015159811,47.144261962775836,0
2026-07-21 20:17:41.420574,99.28549578847974,99.59537510906179,99.64632001812383,46.3246981869379,0
2026-07-21 20:18:41.420574,99.71171245587784,99.63415422466714,99.6525478693385,45.13652723995194,-1
2026-07-21 20:19:41.420574,99.3154520866615,99.52792017866527,99.62044350908356,41.693191091638795,0
2026-07-21 20:20:41.420574,99.25808386592804,99.43797474108621,99.58593306687827,45.53544193027968,0
2026-07-21 20:21:41.420574,99.51057750541827,99.46217566253023,99.57875634673921,51.402473084531074,0
2026-07-21 20:22:41.420574,99.94345510250334,99.62260214252127,99.61348956157389,52.27021448532954,0
2026-07-21 20:23:41.420574,99.34330689897544,99.529503728006,99.58775787942166,50.01578928998049,-1
2026-07-21 20:24:41.420574,99.17605628105497,99.41168791235566,99.54854820338674,47.5143608950801,0
2026-07-21 20:25:41.420574,98.9385836254745,99.25398648339527,99.49045633882366,45.33324227197623,0
2026-07-21 20:26:41.420574,98.61191900918763,99.03996399199272,99.40678611695357,45.32639407085383,0
2026-07-21 20:27:41.420574,99.49464612932819,99.19152470443788,99.41515373717972,43.456439679506836,0
2026-07-21 20:28:41.420574,99.69713698480867,99.36006213122815,99.44200928457296,42.26196306454646,0
2026-07-21 20:29:41.420574,99.06669500764114,99.26227309003248,99.4062650677223,45.46844166214426,0
2026-07-21 20:30:41.420574,99.52562598116853,99.35005738707784,99.41763277376481,49.15994944350026,0
2026-07-21 20:31:41.420574,100.58670407967485,99.76227295127686,99.52897289813718,60.60925335462838,0
2026-07-21 20:32:41.420574,101.10293670995041,100.20916087083472,99.67887421354797,61.17909370176599,0
2026-07-21 20:33:41.420574,100.3432517269734,100.25385782288095,99.74214826244564,57.80307582259707,1
2026-07-21 20:34:41.420574,100.10113469054029,100.20295011210074,99.7763374460737,56.225810521860645,0
2026-07-21 20:35:41.420574,100.73459026513359,100.38016349644504,99.8675996193175,58.55764717824827,0
2026-07-21 20:36:41.420574,100.3807555323242,100.38036084173811,99.91647161103243,53.09154167723261,0
2026-07-21 20:37:41.420574,100.60266524639732,100.45446230995785,99.9818233858291,59.40621073407224,0
2026-07-21 20:38:41.420574,100.98998227311199,100.63296896434257,100.07783851795128,63.11709629066539,0
2026-07-21 20:39:41.420574,100.52651703732295,100.59748498866938,100.12056980551048,61.119435910180364,0
2026-07-21 20:40:41.420574,100.49675435929205,100.56390811221027,100.15639690587064,63.7710929840729,0
2026-07-21 20:41:41.420574,98.87612068925752,100.00131230455936,100.03446583762177,45.920746193377006,0
2026-07-21 20:42:41.420574,98.36392686859037,99.45551715923638,99.8753668881902,41.55239962369217,-1
2026-07-21 20:43:41.420574,98.23764279289378,99.04955903712218,99.71939316482863,44.388361919920406,0
2026-07-21 20:44:41.420574,97.61375120191136,98.57095642538525,99.51885583502698,37.34169754461427,0
2026-07-21 20:45:41.420574,98.42995685387719,98.5239565682159,99.41515117015557,35.24188693397495,0
2026-07-21 20:46:41.420574,97.71488616489687,98.25426643377622,99.25322116965474,27.430529774466805,0
2026-07-21 20:47:41.420574,97.49486392154837,98.00113226303361,99.085758574597,29.555549426574146,0
2026-07-21 20:48:41.420574,97.56023421019142,97.85416624541955,98.94047053989169,31.287785952610022,0
2026-07-21 20:49:41.420574,98.28087085472447,97.99640111518787,98.87765152225673,32.15891500280844,0
2026-07-21 20:50:41.420574,97.56293977913475,97.85191400317017,98.75244088005462,30.54181273535997,0
2026-07-21 20:51:41.420574,98.14452165521223,97.9494498871842,98.69454381102202,33.828782667925026,0
2026-07-21 20:52:41.420574,98.14963818572203,98.01617932003015,98.64264803718392,30.325029519193833,0
2026-07-21 20:53:41.420574,97.65888386019806,97.89708083341945,98.5489562108043,30.21081413404241,0
2026-07-21 20:54:41.420574,97.88993559732968,97.8946990880562,98.48619234285435,32.496922916515956,0
2026-07-21 20:55:41.420574,97.98946544511642,97.92628787374295,98.43888501926027,42.518485896269425,0
2026-07-21 20:56:41.420574,97.68935700653702,97.84731091800765,98.36750139900091,44.09675884592666,0
2026-07-21 20:57:41.420574,97.72425804903203,97.80629329501578,98.30624012757531,45.43428460128938,0
2026-07-21 20:58:41.420574,97.53160125060116,97.7147292802109,98.23246499643491,49.20871753683651,0
2026-07-21 20:59:41.420574,97.58835992322678,97.67260616121621,98.17112165612937,40.50435755558222,0
2026-07-21 21:00:41.420574,97.9194252604873,97.75487919430657,98.14715057083012,52.526743184216016,0
2026-07-21 21:01:41.420574,98.71243366855998,98.07406401905772,98.20098705632822,63.17581844883718,0
2026-07-21 21:02:41.420574,98.09352591914656,98.08055131908733,98.19075266231091,55.153564307066674,0
2026-07-21 21:03:41.420574,99.16004260647469,98.44038174821645,98.2830659903265,57.96367306583922,0
2026-07-21 21:04:41.420574,98.18399870671344,98.35492073438212,98.27363101093479,55.37434044967447,1
2026-07-21 21:05:41.420574,98.10810615919564,98.27264920931997,98.25786673934059,49.65465344367312,0
2026-07-21 21:06:41.420574,98.40226476243794,98.31585439369263,98.27161893201652,52.271268583089736,0
2026-07-21 21:07:41.420574,98.54276069630545,98.39148982789692,98.2974419571869,58.4807196643074,0
2026-07-21 21:08:41.420574,98.23141093639515,98.33813019739634,98.29115328854007,53.22670506797449,0
2026-07-21 21:09:41.420574,98.12734981121652,98.26787006866974,98.2755529573664,51.301796815515644,0
2026-07-21 21:10:41.420574,97.88084934388709,98.13886316040886,98.23796213703504,51.8264093545405,-1
2026-07-21 21:11:41.420574,97.58616696541499,97.9546310954109,98.17588640640456,48.74510528192416,0
2026-07-21 21:12:41.420574,98.0109680139255,97.97341006824911,98.16017989283512,54.179861188455995,0
2026-07-21 21:13:41.420574,98.18947575690802,98.04543196446876,98.16296997512778,55.1324853724271,0
2026-07-21 21:14:41.420574,97.84302095927771,97.97796162940509,98.13249864028492,49.34934984403301,0
2026-07-21 21:15:41.420574,98.29282089699433,98.0829147186015,98.14776742663821,46.204778722178766,0
2026-07-21 21:16:41.420574,98.44647065743263,98.20410003154522,98.17621535338053,53.48558843970998,0
2026-07-21 21:17:41.420574,98.85290171685212,98.42036725998085,98.24066167371116,46.51200528911003,1
2026-07-21 21:18:41.420574,99.16771613781391,98.66948355259188,98.32895257505427,63.145680199496844,0
2026-07-21 21:19:41.420574,98.75321863235288,98.69739524584556,98.36935886622557,57.90539379405751,0
2026-07-21 21:20:41.420574,98.4731281122544,98.62263953464851,98.37924165156164,50.87138430484104,0
2026-07-21 21:21:41.420574,98.84677491481602,98.69735132803768,98.42376862901443,53.53563504147053,0
2026-07-21 21:22:41.420574,99.15196004753275,98.84888756786938,98.49312019268285,60.72120663182563,0
2026-07-21 21:23:41.420574,99.14150925055068,98.94642812876316,98.55487153152741,62.07472855979237,0
2026-07-21 21:24:41.420574,99.20017294220507,99.0310097332438,98.6163288087348,66.44354792499978,0
2026-07-21 21:25:41.420574,99.83900539009929,99.30034161886232,98.73277419743619,75.86006187956296,0
2026-07-21 21:26:41.420574,99.54321969568137,99.38130097780201,98.80995948298334,68.12538970333807,0
2026-07-21 21:27:41.420574,99.81676838626639,99.52645678062348,98.90584604520078,68.82633774292421,0
2026-07-21 21:28:41.420574,99.71567206004944,99.58952854043213,98.98297233232923,72.96889996575487,0
2026-07-21 21:29:41.420574,99.60683145843583,99.5952961797667,99.04238748719652,67.58799082741643,0
2026-07-21 21:30:41.420574,100.15621988442943,99.78227074798762,99.14846676312347,70.69276942731952,0
2026-07-21 21:31:41.420574,100.56892805892345,100.0444898516329,99.2837487912949,70.73723170402504,0
2026-07-21 21:32:41.420574,100.97568287692377,100.35488752672987,99.4448853708786,71.3733440418656,0
2026-07-21 21:33:41.420574,101.62842228050093,100.77939911132023,99.6528412670331,82.17744431258922,0
2026-07-21 21:34:41.420574,101.63892420131731,101.06590747465259,99.84199202267921,87.70472020267846,0
2026-07-21 21:35:41.420574,101.9799006869648,101.37057187875666,100.04560237165879,87.60828680241954,0
2026-07-21 21:36:41.420574,101.82476730866806,101.5219703553938,100.21504665137395,83.28178236927657,0
2026-07-21 21:37:41.420574,101.98685048491228,101.67693039856664,100.3837898736157,84.14092733630451,0
2026-07-21 21:38:41.420574,101.92177895772845,101.7585465849539,100.53026502448358,82.60610281532284,0
2026-07-21 21:39:41.420574,101.9702769402248,101.82912337004421,100.66740901645895,79.74038855903598,0
2026-07-21 21:40:41.420574,102.26785545294325,101.97536739767723,100.8198324866003,88.0013528213395,0
2026-07-21 21:41:41.420574,101.85874511132653,101.936493302227,100.91877654609803,77.44237484269867,0
2026-07-21 21:42:41.420574,102.90493874916925,102.25930845120776,101.10793485115244,84.17868509421689,0
2026-07-21 21:43:41.420574,102.4019300584194,102.30684898694497,101.23117248993977,77.62093529210968,0
2026-07-21 21:44:41.420574,101.79483575202553,102.1361779086385,101.2848547053765,66.01007448217743,0
2026-07-21 21:45:41.420574,102.37389118877557,102.2154156686842,101.38857246570022,67.08016257457156,0
2026-07-21 21:46:41.420574,102.76972253575704,102.40018462437516,101.52011056761039,67.0119647106325,0
2026-07-21 21:47:41.420574,103.08178244428312,102.62738389767782,101.6688412225316,64.73339635712824,0
2026-07-21 21:48:41.420574,103.39595519891526,102.88357433142365,101.83332826790146,66.77879551257914,0
2026-07-21 21:49:41.420574,103.38983181249179,103.05232682511303,101.9815667007196,64.38407454289765,0
2026-07-21 21:50:41.420574,102.94120462674888,103.015286092325,102.07296078891287,60.74632358175364,0
2026-07-21 21:51:41.420574,102.97910690584574,103.00322636349858,102.15926041909695,59.78493460856334,1
2026-07-21 21:52:41.420574,102.64052605008969,102.88232625902896,102.20509524109626,56.72500997598766,0
2026-07-21 21:53:41.420574,103.12808591679857,102.96424614495217,102.29299911497267,60.01062853328441,0
2026-07-21 21:54:41.420574,103.05455722604749,102.99434983865062,102.36552845888457,57.076121489027535,0
2026-07-21 21:55:41.420574,102.64180862765124,102.87683610165084,102.39184085590998,57.03878970056333,0
2026-07-21 21:56:41.420574,102.48111570682474,102.74492930337547,102.40034322266376,45.46905825987731,0
2026-07-21 21:57:41.420574,102.68758143396255,102.72581334690452,102.42769924278745,53.26053047967416,0
2026-07-21 21:58:41.420574,102.40571915756057,102.61911528378988,102.42560590133728,57.532078728641935,0
2026-07-21 21:59:41.420574,101.99460895977735,102.41094650911904,102.38455857356968,45.121478315736496,0
2026-07-21 22:00:41.420574,102.1164525655233,102.3127818612538,102.35902466804146,40.96014859188668,0
2026-07-21 22:01:41.420574,102.23893585107767,102.28816652452844,102.34758763785442,37.69100400595152,0
2026-07-21 22:02:41.420574,101.9854642633921,102.18726577081634,102.31309969742944,29.02927830939197,0
2026-07-21 22:03:41.420574,101.74994511058294,102.0414922174052,102.25946592725357,27.175587035289,0
2026-07-21 22:04:41.420574,101.86597007926176,101.98298483802407,102.22199013220674,33.507630496138034,0
2026-07-21 22:05:41.420574,101.1419279085131,101.70263252818708,102.11912706328353,26.72060605206768,0
2026-07-21 22:06:41.420574,100.43819602132483,101.28115369256633,101.9590383926208,24.4573574721135,0
2026-07-21 22:07:41.420574,100.07897391069861,100.88042709861043,101.77998463243773,13.551323153882393,0
2026-07-21 22:08:41.420574,99.97225033484268,100.57770151068786,101.6078194612382,13.444624672705572,0
2026-07-21 22:09:41.420574,100.12770411764168,100.42770237967247,101.46685609518138,18.245408704826446,0
2026-07-21 22:10:41.420574,100.86538222611645,100.57359566182048,101.40957286955616,32.188443365105115,0
2026-07-21 22:11:41.420574,101.29421203771747,100.81380112045281,101.39858612366676,35.357603879950204,0
2026-07-21 22:12:41.420574,101.21424277273576,100.9472816712138,101.38102961405428,36.92439293718422,0
2026-07-21 22:13:41.420574,101.20473466878441,101.03309933707068,101.36423961926667,40.49375350050783,-1
2026-07-21 22:14:41.420574,100.7034699864655,100.92322288686896,101.30130917804752,34.417658427619614,0
2026-07-21 22:15:41.420574,100.69421341846932,100.84688639740241,101.24349053427818,32.528514616476684,0
2026-07-21 22:16:41.420574,100.54988409900925,100.74788563127137,101.17743277853828,33.35193843832674,0
2026-07-21 22:17:41.420574,100.71124337917828,100.73567154724036,101.13303378812303,37.74362472650666,0
2026-07-21 22:18:41.420574,100.29762790740213,100.58965700062762,101.05347132329247,32.70840509963146,0
2026-07-21 22:19:41.420574,100.55730116452271,100.57887172192599,101.00621702245725,42.81893876265151,0
2026-07-21 22:20:41.420574,101.323670621024,100.82713802162533,101.03645069851123,60.71159500652064,0
2026-07-21 22:21:41.420574,101.26929054679557,100.97452219668209,101.05862592215736,65.54583235155303,0
2026-07-21 22:22:41.420574,101.47014640784504,101.13973026706975,101.09781834936572,69.0934306749531,0
2026-07-21 22:23:41.420574,101.8152184037006,101.36489297928004,101.16614216406428,70.51858112091575,0
2026-07-21 22:24:41.420574,101.61460816775768,101.44813137543926,101.20885321203508,60.478410790803515,0
2026-07-21 22:25:41.420574,101.72665440866288,101.54097238651381,101.25816761171393,56.63599221471641,1
2026-07-21 22:26:41.420574,101.73295060905379,101.60496512736049,101.30338504003203,58.14390898268352,0
2026-07-21 22:27:41.420574,101.7817886583282,101.66390630434972,101.34894728939356,58.949440929378376,0
2026-07-21 22:28:41.420574,101.39528376640047,101.57436545836664,101.35336028720374,61.12524514462051,0
2026-07-21 22:29:41.420574,101.40753885352994,101.51875659008775,101.35852015066338,61.46012776148672,0
2026-07-21 22:30:41.420574,101.65653799915266,101.56468372644272,101.38690280290045,67.2007587311314,0
2026-07-21 22:31:41.420574,102.38210980305018,101.83715908531188,101.48168442196234,72.09504942482447,0
2026-07-21 22:32:41.420574,102.86174521609279,102.17868779557219,101.6131187833081,83.32526017013005,0
2026-07-21 22:33:41.420574,103.93833644484857,102.76523734533099,101.83456808440718,86.24589044979635,0
2026-07-21 22:34:41.420574,103.55466266340454,103.02837911802217,101.99838661574026,76.05489459405663,0
2026-07-21 22:35:41.420574,103.99082298176488,103.34919373926974,102.18814246012356,79.18151498636578,0
2026-07-21 22:36:41.420574,104.08249398463406,103.59362715439119,102.36855689102933,78.68237125071545,0
2026-07-21 22:37:41.420574,105.17739545124289,104.12154992000842,102.6360653253354,81.69619573659872,0
2026-07-21 22:38:41.420574,104.77324630856532,104.3387820495274,102.83960637135729,78.67686263938641,0
2026-07-21 22:39:41.420574,104.35338538747493,104.34364982884324,102.98377580146374,72.5853997393256,0
2026-07-21 22:40:41.420574,104.05368906475292,104.24699624081313,103.08567230272938,68.99594988731418,0
2026-07-21 22:41:41.420574,102.99174120259802,103.82857789474144,103.07672648366925,58.49492684315348,1
2026-07-21 22:42:41.420574,102.72886369175764,103.46200649374686,103.04359669396338,59.52830550926757,0
2026-07-21 22:43:41.420574,102.34929736098078,103.0911034494915,102.97747294796504,56.39321018591247,0
2026-07-21 22:44:41.420574,102.42449425421889,102.86890038440063,102.92480831046541,55.339332929352025,0
2026-07-21 22:45:41.420574,102.59537224210747,102.77772433696958,102.89343344681228,51.606664660636014,-1
2026-07-21 22:46:41.420574,103.53345766171542,103.0296354452182,102.95438813394591,54.73353200875752,0
2026-07-21 22:47:41.420574,104.00866958080843,103.35598015708163,103.05479589078996,50.54153425808912,1
2026-07-21 22:48:41.420574,103.72021775297723,103.47739268904684,103.11816940147446,51.29367102534481,0
2026-07-21 22:49:41.420574,103.27101041730306,103.40859859846559,103.13272568869624,44.386727807587285,0
2026-07-21 22:50:41.420574,103.51697000305631,103.44472239999584,103.16932038530196,45.693536418137775,0
2026-07-21 22:51:41.420574,102.85685339954598,103.24876606651256,103.13956162475378,31.07597282412037,0
2026-07-21 22:52:41.420574,103.77258278247317,103.42337163849943,103.19984935406039,42.46804322246845,0
2026-07-21 22:53:41.420574,104.36230284283381,103.7363487066109,103.31055921013404,50.06544782021822,0
2026-07-21 22:54:41.420574,104.12771501678145,103.86680414333442,103.3883835726719,50.54854057867691,0
2026-07-21 22:55:41.420574,103.27114775223602,103.66825201296828,103.3772182564399,52.135431743408425,0
2026-07-21 22:56:41.420574,103.94808393931872,103.76152932175177,103.43158641671408,58.763532419591264,0
2026-07-21 22:57:41.420574,103.89081401669242,103.80462422006532,103.47532237861678,61.61844784240248,0
2026-07-21 22:58:41.420574,104.50972217267915,104.03965687093661,103.57383664471796,64.52588159209529,0
2026-07-21 22:59:41.420574,103.71250834328197,103.9306073617184,103.58704347315263,57.157490168794716,0
2026-07-21 23:00:41.420574,103.41282083180508,103.7580118517473,103.57045084064335,49.158218582223036,0
2026-07-21 23:01:41.420574,103.41544268166416,103.64382212838626,103.5556881588358,45.56828845568026,0
2026-07-21 23:02:41.420574,103.43893297854653,103.57552574510635,103.54456861785587,47.812040428558845,0
2026-07-21 23:03:41.420574,103.21390024280691,103.45498391100655,103.51307639166073,49.53971924374986,0
2026-07-21 23:04:41.420574,103.52532520898066,103.47843101033126,103.5142429456912,50.06663580573792,-1
2026-07-21 23:05:41.420574,102.99151499428937,103.31612567165064,103.46445933127198,51.0960572218446,0
2026-07-21 23:06:41.420574,102.92032525177872,103.18419219836001,103.41263703798691,41.95749859323322,0
2026-07-21 23:07:41.420574,102.98047306763468,103.11628582145158,103.37147856462003,35.51203464203188,0
2026-07-21 23:08:41.420574,103.23769248466405,103.15675470918909,103.35873703319565,40.71252390826546,0
2026-07-21 23:09:41.420574,103.59349992370849,103.30233644736222,103.38109540372069,53.75635278056838,0
2026-07-21 23:10:41.420574,103.03117887778956,103.211950590838,103.34777002029867,39.022111612483805,0
2026-07-21 23:11:41.420574,102.26412179242175,102.8960076580326,103.24456542716753,33.35330711723341,0
2026-07-21 23:12:41.420574,102.902960203371,102.89832517314541,103.21203159632977,33.624061876304836,0
2026-07-21 23:13:41.420574,103.0691172093608,102.95525585188388,103.19842070233271,42.47461518098595,0
2026-07-21 23:14:41.420574,102.69487394108252,102.86846188161677,103.15046386792793,41.74652503960748,0
2026-07-21 23:15:41.420574,103.47044992884378,103.06912456402578,103.1809387308723,50.536937327540464,0
2026-07-21 23:16:41.420574,103.52828724599021,103.22217879134726,103.21401954183591,50.86639631997931,0
2026-07-21 23:17:41.420574,104.11793583802212,103.52076447357223,103.30010680813936,58.18683232995747,1
2026-07-21 23:18:41.420574,104.15169507872717,103.73107467529054,103.38121045295725,55.97269401389156,0
2026-07-21 23:19:41.420574,105.18206904116818,104.21473946391643,103.55272079469162,69.08089508537516,0
2026-07-21 23:20:41.420574,106.05973946238977,104.82973946340755,103.79148447732953,73.97723147814037,0
2026-07-21 23:21:41.420574,105.93525738815023,105.19824543832178,103.99565332597913,72.34751341120537,0
2026-07-21 23:22:41.420574,106.42104286362742,105.60584458009033,104.22664280575516,73.2716112093664,0
2026-07-21 23:23:41.420574,106.74373083841999,105.98513999953356,104.46636547553277,73.14155347065378,0
2026-07-21 23:24:41.420574,107.42804661718617,106.46610887208443,104.74843034616642,81.7306091890332,0
2026-07-21 23:25:41.420574,106.94558488689611,106.625934210355,104.95768315956924,85.23162086381028,0
2026-07-21 23:26:41.420574,107.28861061689533,106.84682634586845,105.17967625074316,84.54342664136155,0
2026-07-21 23:27:41.420574,107.81782286032012,107.17049185068568,105.4309283087981,85.37959460251672,0
2026-07-21 23:28:41.420574,106.93845311710857,107.09314560615998,105.57450210006577,79.40311720842098,0
2026-07-21 23:29:41.420574,106.34682386077569,106.84437169103188,105.64805655346672,70.4512782523041,0
2026-07-21 23:30:41.420574,105.32720777189563,106.33865038465314,105.61749952665042,61.25163813167478,0
2026-07-21 23:31:41.420574,105.19250435467335,105.95660170799322,105.57702379598594,57.12664306650455,1
2026-07-21 23:32:41.420574,105.55127548257133,105.82149296618593,105.57457157566074,58.89853581264376,0
2026-07-21 23:33:41.420574,106.30245400861935,105.98181331366374,105.64389371213299,57.38561847363802,0
2026-07-21 23:34:41.420574,106.33950139882923,106.10104267538557,105.71014206324692,52.07406620465813,0
2026-07-21 23:35:41.420574,107.15380917161488,106.45196484079534,105.84763416880577,58.1956778537318,0
2026-07-21 23:36:41.420574,106.46375844250744,106.45589604136605,105.90631267106306,50.279611598339216,0
2026-07-21 23:37:41.420574,105.61206722282985,106.17461976852064,105.87828929504084,43.0720530259582,0
2026-07-21 23:38:41.420574,105.58429337338154,105.97784430347428,105.85028968345425,37.726049733741945,0
2026-07-21 23:39:41.420574,105.7763260978512,105.9106715682666,105.84324553244443,41.90309955804588,0
2026-07-21 23:40:41.420574,105.75997872380415,105.86044062011246,105.83531536019296,38.912884833503014,0
2026-07-21 23:41:41.420574,104.72625767378422,105.48237963800305,105.72969081863023,29.10607743208601,0
2026-07-21 23:42:41.420574,104.68169765402781,105.21548564334465,105.62988194581095,32.80811042870401,0
2026-07-21 23:43:41.420574,104.0294629037754,104.82014473015491,105.4774610846647,32.50793818852527,0
2026-07-21 23:44:41.420574,104.36429917819041,104.66819621283341,105.37144566500048,41.8936937794156,-1
2026-07-21 23:45:41.420574,104.54759830123884,104.62799690896856,105.29298401130889,44.61487975282134,0
2026-07-21 23:46:41.420574,104.07765840807517,104.4445507420041,105.17723871576283,37.91923205512299,0
2026-07-21 23:47:41.420574,103.82072494940681,104.23660881113834,105.04804692849083,27.86058512011813,0
2026-07-21 23:48:41.420574,103.29111818846233,103.92144527024635,104.88072038182145,25.00233126058606,0
2026-07-21 23:49:41.420574,103.25977863982575,103.70088972677283,104.72634497782185,13.363174803559232,0
2026-07-21 23:50:41.420574,103.73734980007637,103.71304308454069,104.63215496089371,23.2803908444114,0
2026-07-21 23:51:41.420574,103.2444867769086,103.55685764866334,104.49999608622846,25.041629876568294,0
2026-07-21 23:52:41.420574,103.49651003466752,103.5367417773314,104.4044259860798,28.984762342351743,0
2026-07-21 23:53:41.420574,103.2313812254813,103.43495492671471,104.29270743745138,24.75455719183161,0
2026-07-21 23:54:41.420574,102.83494480935013,103.23495155425987,104.15387290144173,23.01874921577661,0
2026-07-21 23:55:41.420574,102.78142962937285,103.08377757929753,104.02316401838755,28.10020220981673,0
2026-07-21 23:56:41.420574,102.26380846816316,102.81045454225274,103.8556063469376,25.394692337006006,0
2026-07-21 23:57:41.420574,101.98698381548957,102.53596429999837,103.67764229632351,27.49551928026483,0
2026-07-21 23:58:41.420574,101.38804486919514,102.15332448973064,103.45958539850177,19.01053045373112,0
2026-07-21 23:59:41.420574,102.37040743565335,102.22568547170488,103.35585416394477,30.56463028359221,0
2026-07-22 00:00:41.420574,102.38803921163921,102.27980338501634,103.26368131134424,33.59209647232086,0
2026-07-22 00:01:41.420574,102.03817645764292,102.19926107589188,103.1469665633727,32.99655030180098,0
2026-07-22 00:02:41.420574,102.14516641301003,102.18122952159794,103.05155702524291,38.11033609940341,0
2026-07-22 00:03:41.420574,102.08900238816462,102.15048714378683,102.95988515504499,37.91502600771666,0
2026-07-22 00:04:41.420574,101.97851758839799,102.09316395865723,102.86642157726908,30.356352530567918,0
2026-07-22 00:05:41.420574,102.2856009384197,102.15730961857807,102.8111053259501,38.82695500545099,0
2026-07-22 00:06:41.420574,102.66435479344337,102.3263246768665,102.79712908475898,40.58178763820795,-1
2026-07-22 00:07:41.420574,102.3991042196381,102.35058452445705,102.75922195474747,40.58066914219652,0
2026-07-22 00:08:41.420574,102.11119509931576,102.27078804940996,102.69750511137303,41.602648473071085,0
2026-07-22 00:09:41.420574,101.97366925073993,102.17174844985328,102.6285683627413,40.80712254295814,0
2026-07-22 00:10:41.420574,100.82270866837214,101.72206852269291,102.45658172518233,35.665670041711124,0
2026-07-22 00:11:41.420574,100.06511313727287,101.16975006088624,102.2288228120481,32.55228412936624,0
2026-07-22 00:12:41.420574,100.74855027099512,101.02935013092254,102.08784447480495,44.282070452357964,0
2026-07-22 00:13:41.420574,101.57103412774578,101.20991146319696,102.0386244417517,42.64217864216759,0
2026-07-22 00:14:41.420574,101.44651610796758,101.2887796781205,101.98223317186749,41.50099471806754,0
2026-07-22 00:15:41.420574,101.73479458949546,101.4374513152455,101.95866759259395,47.23062107736243,0
2026-07-22 00:16:41.420574,101.89041966676723,101.58844076575275,101.95216779013427,47.69504607711148,0
2026-07-22 00:17:41.420574,103.42986007099485,102.20224720083345,102.09290038831146,59.564783658125,0
2026-07-22 00:18:41.420574,103.98964752671215,102.79804730945969,102.27354297292105,63.4818642093381,0
2026-07-22 00:19:41.420574,103.92568873097176,103.17392778329705,102.4308901879735,61.364993209607626,0
2026-07-22 00:20:41.420574,103.44791851067154,103.26525802575522,102.52775002823046,55.35620557999806,1
2026-07-22 00:21:41.420574,102.64469535054276,103.0584038006844,102.53888767797449,51.56377397529822,0
2026-07-22 00:22:41.420574,102.74642716847637,102.9544115899484,102.55865334373657,54.142996323457574,0
2026-07-22 00:23:41.420574,102.36825179583423,102.75902499191035,102.54051986298397,52.49515143712849,0
2026-07-22 00:24:41.420574,101.65712494103538,102.39172497495204,102.4563870132746,55.587245661840065,0
2026-07-22 00:25:41.420574,101.33383849891412,102.03909614960607,102.34947763095455,59.02000332529256,-1
2026-07-22 00:26:41.420574,100.79306449710693,101.62375226543969,102.20124780868335,50.323026585411434,0
2026-07-22 00:27:41.420574,101.6366353146432,101.6280466151742,102.14747519020334,50.474595957891964,0
2026-07-22 00:28:41.420574,102.07745519311793,101.77784947448879,102.14080661905236,54.36480858457109,0
2026-07-22 00:29:41.420574,102.07346887245961,101.8763892738124,102.13439350032924,52.4388649734903,0
2026-07-22 00:30:41.420574,102.81344094190463,102.18873982984314,102.19906468524118,56.130894175709116,0
2026-07-22 00:31:41.420574,102.85212509572844,102.40986825180492,102.26126091481139,45.20700439673945,0
2026-07-22 00:32:41.420574,102.42148299506431,102.4137398328914,102.27652016054977,36.70533699254888,1
2026-07-22 00:33:41.420574,103.18304503369914,102.67017489982732,102.36285586275447,44.36992362591454,0
2026-07-22 00:34:41.420574,103.45250005554146,102.93094995173203,102.46663150016275,50.03586611602056,0
2026-07-22 00:35:41.420574,102.93387697837824,102.93192562728078,102.51113106951661,52.369405115138306,0
2026-07-22 00:36:41.420574,102.83870763933643,102.90085296463266,102.54232883807087,50.75691256246011,0
2026-07-22 00:37:41.420574,102.40089851264406,102.73420148063647,102.52885928326832,50.26518411414648,0
2026-07-22 00:38:41.420574,101.7094986471619,102.39263386947829,102.45082493697247,50.42679109986846,0
